"key_sp","position"
"SURVEY_GRASS_RICHNESS_SPEC27","8"
"SURVEY_GRASS_RICHNESS_SPEC27","9"
"SURVEY_GRASS_RICHNESS_SPEC27","10"
"SURVEY_GRASS_RICHNESS_SPEC27","11"
"SURVEY_GRASS_RICHNESS_SPEC27","12"
"SURVEY_GRASS_RICHNESS_SPEC27","13"
"SURVEY_GRASS_RICHNESS_SPEC27","14"
"SURVEY_GRASS_RICHNESS_SPEC27","15"
"SURVEY_GRASS_RICHNESS_SPEC27","16"
"SURVEY_GRASS_RICHNESS_SPEC27","17"
"SURVEY_GRASS_RICHNESS_SPEC27","18"
"SURVEY_GRASS_RICHNESS_SPEC32","21"
"SURVEY_GRASS_RICHNESS_SPEC32","22"
"SURVEY_GRASS_RICHNESS_SPEC32","23"
"SURVEY_GRASS_RICHNESS_SPEC32","24"
"SURVEY_GRASS_RICHNESS_SPEC8","33"
"SURVEY_GRASS_RICHNESS_SPEC8","35"
"SURVEY_GRASS_RICHNESS_SPEC8","113"
"SURVEY_GRASS_RICHNESS_SPEC8","140"
"SURVEY_GRASS_RICHNESS_SPEC8","141"
"SURVEY_GRASS_RICHNESS_SPEC8","142"
"SURVEY_GRASS_RICHNESS_SPEC8","164"
"SURVEY_GRASS_RICHNESS_SPEC8","165"
"SURVEY_GRASS_RICHNESS_SPEC8","166"
"SURVEY_GRASS_RICHNESS_SPEC8","264"
"SURVEY_GRASS_RICHNESS_SPEC8","306"
"SURVEY_GRASS_RICHNESS_SPEC8","307"
"SURVEY_GRASS_RICHNESS_SPEC8","376"
"SURVEY_GRASS_RICHNESS_SPEC8","378"
"SURVEY_GRASS_RICHNESS_SPEC8","379"
"SURVEY_GRASS_RICHNESS_SPEC8","380"
"SURVEY_GRASS_RICHNESS_SPEC8","381"
"SURVEY_GRASS_RICHNESS_SPEC8","382"
"SURVEY_GRASS_RICHNESS_SPEC8","383"
"SURVEY_GRASS_RICHNESS_SPEC8","384"
"SURVEY_GRASS_RICHNESS_SPEC8","511"
"SURVEY_GRASS_RICHNESS_SPEC8","512"
"SURVEY_GRASS_RICHNESS_SPEC8","513"
"SURVEY_GRASS_RICHNESS_SPEC8","514"
"SURVEY_GRASS_RICHNESS_SPEC8","518"
"SURVEY_GRASS_RICHNESS_SPEC8","590"
"SURVEY_GRASS_RICHNESS_SPEC8","591"
"SURVEY_GRASS_RICHNESS_SPEC8","592"
"SURVEY_GRASS_RICHNESS_SPEC8","651"
"SURVEY_GRASS_RICHNESS_SPEC8","652"
"SURVEY_GRASS_RICHNESS_SPEC8","653"
"SURVEY_GRASS_RICHNESS_SPEC8","654"
"SURVEY_GRASS_RICHNESS_SPEC8","775"
"SURVEY_GRASS_RICHNESS_SPEC8","776"
"SURVEY_GRASS_RICHNESS_SPEC8","777"
"SURVEY_GRASS_RICHNESS_SPEC8","778"
"SURVEY_GRASS_RICHNESS_SPEC8","779"
"SURVEY_GRASS_RICHNESS_SPEC8","794"
"SURVEY_GRASS_RICHNESS_SPEC8","807"
"SURVEY_GRASS_RICHNESS_SPEC8","825"
"SURVEY_GRASS_RICHNESS_SPEC8","836"
"SURVEY_GRASS_RICHNESS_SPEC8","837"
"SURVEY_GRASS_RICHNESS_SPEC8","888"
"SURVEY_GRASS_RICHNESS_SPEC8","889"
"SURVEY_GRASS_RICHNESS_SPEC8","890"
"SURVEY_GRASS_RICHNESS_SPEC8","934"
"SURVEY_GRASS_RICHNESS_SPEC8","937"
"SURVEY_GRASS_RICHNESS_SPEC8","938"
"SURVEY_GRASS_RICHNESS_SPEC8","939"
"SURVEY_GRASS_RICHNESS_SPEC8","978"
"SURVEY_GRASS_RICHNESS_SPEC8","1123"
"SURVEY_GRASS_RICHNESS_SPEC8","1124"
"SURVEY_GRASS_RICHNESS_SPEC8","1125"
"SURVEY_GRASS_RICHNESS_SPEC8","1126"
"SURVEY_GRASS_RICHNESS_SPEC8","1127"
"SURVEY_GRASS_RICHNESS_SPEC8","1263"
"SURVEY_GRASS_RICHNESS_SPEC8","1324"
"SURVEY_GRASS_RICHNESS_SPEC8","1413"
"SURVEY_GRASS_RICHNESS_SPEC8","1534"
"SURVEY_GRASS_RICHNESS_SPEC8","1561"
"SURVEY_GRASS_RICHNESS_SPEC8","1562"
"SURVEY_GRASS_RICHNESS_SPEC8","1563"
"SURVEY_GRASS_RICHNESS_SPEC8","1564"
"SURVEY_GRASS_RICHNESS_SPEC8","1565"
"SURVEY_GRASS_RICHNESS_SPEC8","1607"
"SURVEY_GRASS_RICHNESS_SPEC8","1612"
"SURVEY_GRASS_RICHNESS_SPEC8","1613"
"SURVEY_GRASS_RICHNESS_SPEC8","1614"
"SURVEY_GRASS_RICHNESS_SPEC8","1662"
"SURVEY_GRASS_RICHNESS_SPEC8","1663"
"SURVEY_GRASS_RICHNESS_SPEC8","1675"
"SURVEY_GRASS_RICHNESS_SPEC8","1676"
"SURVEY_GRASS_RICHNESS_SPEC8","1677"
"SURVEY_GRASS_RICHNESS_SPEC8","1678"
"SURVEY_GRASS_RICHNESS_SPEC8","1679"
"SURVEY_GRASS_RICHNESS_SPEC8","1724"
"SURVEY_GRASS_RICHNESS_SPEC8","1725"
"SURVEY_GRASS_RICHNESS_SPEC8","1726"
"SURVEY_GRASS_RICHNESS_SPEC8","1727"
"SURVEY_GRASS_RICHNESS_SPEC8","2035"
"SURVEY_GRASS_RICHNESS_SPEC8","2036"
"SURVEY_GRASS_RICHNESS_SPEC8","2100"
"SURVEY_GRASS_RICHNESS_SPEC8","2101"
"SURVEY_GRASS_RICHNESS_SPEC8","2102"
"SURVEY_GRASS_RICHNESS_SPEC8","2103"
"SURVEY_GRASS_RICHNESS_SPEC8","2104"
"SURVEY_GRASS_RICHNESS_SPEC8","2114"
"SURVEY_GRASS_RICHNESS_SPEC8","2159"
"SURVEY_GRASS_RICHNESS_SPEC8","2256"
"SURVEY_GRASS_RICHNESS_SPEC8","2257"
"SURVEY_GRASS_RICHNESS_SPEC8","2258"
"SURVEY_GRASS_RICHNESS_SPEC8","2297"
"SURVEY_GRASS_RICHNESS_SPEC8","2298"
"SURVEY_GRASS_RICHNESS_SPEC8","2299"
"SURVEY_GRASS_RICHNESS_SPEC8","2300"
"SURVEY_GRASS_RICHNESS_SPEC8","2301"
"SURVEY_GRASS_RICHNESS_SPEC8","2302"
"SURVEY_GRASS_RICHNESS_SPEC8","2303"
"SURVEY_GRASS_RICHNESS_SPEC8","2304"
"SURVEY_GRASS_RICHNESS_SPEC8","2305"
"SURVEY_GRASS_RICHNESS_SPEC8","2306"
"SURVEY_GRASS_RICHNESS_SPEC8","2374"
"SURVEY_GRASS_RICHNESS_SPEC13","218"
"SURVEY_GRASS_RICHNESS_SPEC13","219"
"SURVEY_GRASS_RICHNESS_SPEC13","220"
"SURVEY_GRASS_RICHNESS_SPEC13","221"
"SURVEY_GRASS_RICHNESS_SPEC13","222"
"SURVEY_GRASS_RICHNESS_SPEC13","223"
"SURVEY_GRASS_RICHNESS_SPEC13","224"
"SURVEY_GRASS_RICHNESS_SPEC13","225"
"SURVEY_GRASS_RICHNESS_SPEC41","239"
"SURVEY_GRASS_RICHNESS_SPEC41","240"
"SURVEY_GRASS_RICHNESS_SPEC41","241"
"SURVEY_GRASS_RICHNESS_SPEC41","242"
"SURVEY_GRASS_RICHNESS_SPEC41","243"
"SURVEY_GRASS_RICHNESS_SPEC41","244"
"SURVEY_GRASS_RICHNESS_SPEC41","245"
"SURVEY_GRASS_RICHNESS_SPEC33","250"
"SURVEY_GRASS_RICHNESS_SPEC33","251"
"SURVEY_GRASS_RICHNESS_SPEC33","252"
"SURVEY_GRASS_RICHNESS_SPEC33","253"
"SURVEY_GRASS_RICHNESS_SPEC33","254"
"SURVEY_GRASS_RICHNESS_SPEC33","255"
"SURVEY_GRASS_RICHNESS_SPEC33","256"
"SURVEY_GRASS_RICHNESS_SPEC33","257"
"SURVEY_GRASS_RICHNESS_SPEC33","258"
"SURVEY_GRASS_RICHNESS_SPEC33","259"
"SURVEY_GRASS_RICHNESS_SPEC33","260"
"SURVEY_GRASS_RICHNESS_SPEC33","261"
"SURVEY_GRASS_RICHNESS_SPEC33","262"
"SURVEY_GRASS_RICHNESS_SPEC33","263"
"SURVEY_GRASS_RICHNESS_SPEC33","670"
"SURVEY_GRASS_RICHNESS_SPEC33","671"
"SURVEY_GRASS_RICHNESS_SPEC33","672"
"SURVEY_GRASS_RICHNESS_SPEC33","673"
"SURVEY_GRASS_RICHNESS_SPEC33","674"
"SURVEY_GRASS_RICHNESS_SPEC33","675"
"SURVEY_GRASS_RICHNESS_SPEC33","676"
"SURVEY_GRASS_RICHNESS_SPEC33","677"
"SURVEY_GRASS_RICHNESS_SPEC33","1569"
"SURVEY_GRASS_RICHNESS_SPEC33","1570"
"SURVEY_GRASS_RICHNESS_SPEC33","1571"
"SURVEY_GRASS_RICHNESS_SPEC33","1572"
"SURVEY_GRASS_RICHNESS_SPEC33","1573"
"SURVEY_GRASS_RICHNESS_SPEC33","1574"
"SURVEY_GRASS_RICHNESS_SPEC33","1575"
"SURVEY_GRASS_RICHNESS_SPEC33","1576"
"SURVEY_GRASS_RICHNESS_SPEC33","1577"
"SURVEY_GRASS_RICHNESS_SPEC33","1578"
"SURVEY_GRASS_RICHNESS_SPEC33","1088"
"SURVEY_GRASS_RICHNESS_SPEC14","314"
"SURVEY_GRASS_RICHNESS_SPEC34","398"
"SURVEY_GRASS_RICHNESS_SPEC34","399"
"SURVEY_GRASS_RICHNESS_SPEC34","400"
"SURVEY_GRASS_RICHNESS_SPEC34","401"
"SURVEY_GRASS_RICHNESS_SPEC34","402"
"SURVEY_GRASS_RICHNESS_SPEC34","403"
"SURVEY_GRASS_RICHNESS_SPEC34","404"
"SURVEY_GRASS_RICHNESS_SPEC34","405"
"SURVEY_GRASS_RICHNESS_SPEC34","406"
"SURVEY_GRASS_RICHNESS_SPEC34","407"
"SURVEY_GRASS_RICHNESS_SPEC34","408"
"SURVEY_GRASS_RICHNESS_SPEC34","409"
"SURVEY_GRASS_RICHNESS_SPEC34","410"
"SURVEY_GRASS_RICHNESS_SPEC34","411"
"SURVEY_GRASS_RICHNESS_SPEC34","412"
"SURVEY_GRASS_RICHNESS_SPEC34","413"
"SURVEY_GRASS_RICHNESS_SPEC28","520"
"SURVEY_GRASS_RICHNESS_SPEC28","521"
"SURVEY_GRASS_RICHNESS_SPEC28","522"
"SURVEY_GRASS_RICHNESS_SPEC28","523"
"SURVEY_GRASS_RICHNESS_SPEC28","524"
"SURVEY_GRASS_RICHNESS_SPEC28","525"
"SURVEY_GRASS_RICHNESS_SPEC28","526"
"SURVEY_GRASS_RICHNESS_SPEC28","527"
"SURVEY_GRASS_RICHNESS_SPEC28","528"
"SURVEY_GRASS_RICHNESS_SPEC28","529"
"SURVEY_GRASS_RICHNESS_SPEC28","530"
"SURVEY_GRASS_RICHNESS_SPEC28","531"
"SURVEY_GRASS_RICHNESS_SPEC28","532"
"SURVEY_GRASS_RICHNESS_SPEC28","533"
"SURVEY_GRASS_RICHNESS_SPEC28","534"
"SURVEY_GRASS_RICHNESS_SPEC28","535"
"SURVEY_GRASS_RICHNESS_SPEC28","536"
"SURVEY_GRASS_RICHNESS_SPEC28","537"
"SURVEY_GRASS_RICHNESS_SPEC28","538"
"SURVEY_GRASS_RICHNESS_SPEC28","539"
"SURVEY_GRASS_RICHNESS_SPEC28","540"
"SURVEY_GRASS_RICHNESS_SPEC28","541"
"SURVEY_GRASS_RICHNESS_SPEC28","542"
"SURVEY_GRASS_RICHNESS_SPEC28","543"
"SURVEY_GRASS_RICHNESS_SPEC28","544"
"SURVEY_GRASS_RICHNESS_SPEC28","545"
"SURVEY_GRASS_RICHNESS_SPEC28","546"
"SURVEY_GRASS_RICHNESS_SPEC28","547"
"SURVEY_GRASS_RICHNESS_SPEC28","548"
"SURVEY_GRASS_RICHNESS_SPEC28","549"
"SURVEY_GRASS_RICHNESS_SPEC28","550"
"SURVEY_GRASS_RICHNESS_SPEC28","551"
"SURVEY_GRASS_RICHNESS_SPEC28","552"
"SURVEY_GRASS_RICHNESS_SPEC28","553"
"SURVEY_GRASS_RICHNESS_SPEC28","554"
"SURVEY_GRASS_RICHNESS_SPEC28","555"
"SURVEY_GRASS_RICHNESS_SPEC28","556"
"SURVEY_GRASS_RICHNESS_SPEC28","557"
"SURVEY_GRASS_RICHNESS_SPEC28","558"
"SURVEY_GRASS_RICHNESS_SPEC28","559"
"SURVEY_GRASS_RICHNESS_SPEC28","560"
"SURVEY_GRASS_RICHNESS_SPEC28","2098"
"SURVEY_GRASS_RICHNESS_SPEC9","692"
"SURVEY_GRASS_RICHNESS_SPEC9","693"
"SURVEY_GRASS_RICHNESS_SPEC9","694"
"SURVEY_GRASS_RICHNESS_SPEC9","695"
"SURVEY_GRASS_RICHNESS_SPEC9","696"
"SURVEY_GRASS_RICHNESS_SPEC9","697"
"SURVEY_GRASS_RICHNESS_SPEC9","698"
"SURVEY_GRASS_RICHNESS_SPEC9","699"
"SURVEY_GRASS_RICHNESS_SPEC9","700"
"SURVEY_GRASS_RICHNESS_SPEC9","701"
"SURVEY_GRASS_RICHNESS_SPEC9","702"
"SURVEY_GRASS_RICHNESS_SPEC9","703"
"SURVEY_GRASS_RICHNESS_SPEC9","704"
"SURVEY_GRASS_RICHNESS_SPEC9","705"
"SURVEY_GRASS_RICHNESS_SPEC9","706"
"SURVEY_GRASS_RICHNESS_SPEC9","707"
"SURVEY_GRASS_RICHNESS_SPEC9","708"
"SURVEY_GRASS_RICHNESS_SPEC9","709"
"SURVEY_GRASS_RICHNESS_SPEC9","710"
"SURVEY_GRASS_RICHNESS_SPEC9","711"
"SURVEY_GRASS_RICHNESS_SPEC9","712"
"SURVEY_GRASS_RICHNESS_SPEC9","713"
"SURVEY_GRASS_RICHNESS_SPEC9","714"
"SURVEY_GRASS_RICHNESS_SPEC9","715"
"SURVEY_GRASS_RICHNESS_SPEC9","1235"
"SURVEY_GRASS_RICHNESS_SPEC9","1236"
"SURVEY_GRASS_RICHNESS_SPEC9","2055"
"SURVEY_GRASS_RICHNESS_SPEC9","2056"
"SURVEY_GRASS_RICHNESS_SPEC9","2057"
"SURVEY_GRASS_RICHNESS_SPEC9","2058"
"SURVEY_GRASS_RICHNESS_SPEC9","2059"
"SURVEY_GRASS_RICHNESS_SPEC9","2060"
"SURVEY_GRASS_RICHNESS_SPEC9","1135"
"SURVEY_GRASS_RICHNESS_SPEC9","1136"
"SURVEY_GRASS_RICHNESS_SPEC9","1137"
"SURVEY_GRASS_RICHNESS_SPEC9","1138"
"SURVEY_GRASS_RICHNESS_SPEC9","1139"
"SURVEY_GRASS_RICHNESS_SPEC9","1140"
"SURVEY_GRASS_RICHNESS_SPEC9","1141"
"SURVEY_GRASS_RICHNESS_SPEC9","1142"
"SURVEY_GRASS_RICHNESS_SPEC9","1143"
"SURVEY_GRASS_RICHNESS_SPEC9","1135"
"SURVEY_GRASS_RICHNESS_SPEC9","1136"
"SURVEY_GRASS_RICHNESS_SPEC9","1137"
"SURVEY_GRASS_RICHNESS_SPEC9","1138"
"SURVEY_GRASS_RICHNESS_SPEC9","1139"
"SURVEY_GRASS_RICHNESS_SPEC9","1140"
"SURVEY_GRASS_RICHNESS_SPEC9","1141"
"SURVEY_GRASS_RICHNESS_SPEC9","1142"
"SURVEY_GRASS_RICHNESS_SPEC9","1143"
"SURVEY_GRASS_RICHNESS_SPEC9","1190"
"SURVEY_GRASS_RICHNESS_SPEC9","1191"
"SURVEY_GRASS_RICHNESS_SPEC9","1192"
"SURVEY_GRASS_RICHNESS_SPEC9","1193"
"SURVEY_GRASS_RICHNESS_SPEC9","1194"
"SURVEY_GRASS_RICHNESS_SPEC9","1195"
"SURVEY_GRASS_RICHNESS_SPEC9","1196"
"SURVEY_GRASS_RICHNESS_SPEC9","2167"
"SURVEY_GRASS_RICHNESS_SPEC9","2168"
"SURVEY_GRASS_RICHNESS_SPEC9","2169"
"SURVEY_GRASS_RICHNESS_SPEC9","2170"
"SURVEY_GRASS_RICHNESS_SPEC9","2171"
"SURVEY_GRASS_RICHNESS_SPEC9","2172"
"SURVEY_GRASS_RICHNESS_SPEC9","2173"
"SURVEY_GRASS_RICHNESS_SPEC9","2174"
"SURVEY_GRASS_RICHNESS_SPEC15","610"
"SURVEY_GRASS_RICHNESS_SPEC15","611"
"SURVEY_GRASS_RICHNESS_SPEC15","612"
"SURVEY_GRASS_RICHNESS_SPEC15","613"
"SURVEY_GRASS_RICHNESS_SPEC15","614"
"SURVEY_GRASS_RICHNESS_SPEC15","615"
"SURVEY_GRASS_RICHNESS_SPEC15","616"
"SURVEY_GRASS_RICHNESS_SPEC15","617"
"SURVEY_GRASS_RICHNESS_SPEC15","618"
"SURVEY_GRASS_RICHNESS_SPEC15","619"
"SURVEY_GRASS_RICHNESS_SPEC15","620"
"SURVEY_GRASS_RICHNESS_SPEC15","621"
"SURVEY_GRASS_RICHNESS_SPEC15","622"
"SURVEY_GRASS_RICHNESS_SPEC15","623"
"SURVEY_GRASS_RICHNESS_SPEC15","624"
"SURVEY_GRASS_RICHNESS_SPEC15","426"
"SURVEY_GRASS_RICHNESS_SPEC15","427"
"SURVEY_GRASS_RICHNESS_SPEC15","428"
"SURVEY_GRASS_RICHNESS_SPEC15","429"
"SURVEY_GRASS_RICHNESS_SPEC15","430"
"SURVEY_GRASS_RICHNESS_SPEC15","431"
"SURVEY_GRASS_RICHNESS_SPEC15","432"
"SURVEY_GRASS_RICHNESS_SPEC15","433"
"SURVEY_GRASS_RICHNESS_SPEC15","434"
"SURVEY_GRASS_RICHNESS_SPEC15","435"
"SURVEY_GRASS_RICHNESS_SPEC15","436"
"SURVEY_GRASS_RICHNESS_SPEC15","437"
"SURVEY_GRASS_RICHNESS_SPEC15","438"
"SURVEY_GRASS_RICHNESS_SPEC15","439"
"SURVEY_GRASS_RICHNESS_SPEC15","440"
"SURVEY_GRASS_RICHNESS_SPEC15","441"
"SURVEY_GRASS_RICHNESS_SPEC15","495"
"SURVEY_GRASS_RICHNESS_SPEC15","496"
"SURVEY_GRASS_RICHNESS_SPEC15","497"
"SURVEY_GRASS_RICHNESS_SPEC15","498"
"SURVEY_GRASS_RICHNESS_SPEC15","499"
"SURVEY_GRASS_RICHNESS_SPEC15","500"
"SURVEY_GRASS_RICHNESS_SPEC15","501"
"SURVEY_GRASS_RICHNESS_SPEC15","502"
"SURVEY_GRASS_RICHNESS_SPEC35","625"
"SURVEY_GRASS_RICHNESS_SPEC35","626"
"SURVEY_GRASS_RICHNESS_SPEC35","627"
"SURVEY_GRASS_RICHNESS_SPEC35","628"
"SURVEY_GRASS_RICHNESS_SPEC35","629"
"SURVEY_GRASS_RICHNESS_SPEC35","630"
"SURVEY_GRASS_RICHNESS_SPEC35","631"
"SURVEY_GRASS_RICHNESS_SPEC35","632"
"SURVEY_GRASS_RICHNESS_SPEC35","633"
"SURVEY_GRASS_RICHNESS_SPEC16","635"
"SURVEY_GRASS_RICHNESS_SPEC36","826"
"SURVEY_GRASS_RICHNESS_SPEC36","827"
"SURVEY_GRASS_RICHNESS_SPEC36","828"
"SURVEY_GRASS_RICHNESS_SPEC17","901"
"SURVEY_GRASS_RICHNESS_SPEC17","902"
"SURVEY_GRASS_RICHNESS_SPEC17","903"
"SURVEY_GRASS_RICHNESS_SPEC17","904"
"SURVEY_GRASS_RICHNESS_SPEC17","905"
"SURVEY_GRASS_RICHNESS_SPEC17","906"
"SURVEY_GRASS_RICHNESS_SPEC17","907"
"SURVEY_GRASS_RICHNESS_SPEC17","908"
"SURVEY_GRASS_RICHNESS_SPEC17","909"
"SURVEY_GRASS_RICHNESS_SPEC17","910"
"SURVEY_GRASS_RICHNESS_SPEC17","911"
"SURVEY_GRASS_RICHNESS_SPEC17","912"
"SURVEY_GRASS_RICHNESS_SPEC17","913"
"SURVEY_GRASS_RICHNESS_SPEC17","914"
"SURVEY_GRASS_RICHNESS_SPEC17","915"
"SURVEY_GRASS_RICHNESS_SPEC17","916"
"SURVEY_GRASS_RICHNESS_SPEC17","917"
"SURVEY_GRASS_RICHNESS_SPEC17","918"
"SURVEY_GRASS_RICHNESS_SPEC17","919"
"SURVEY_GRASS_RICHNESS_SPEC17","920"
"SURVEY_GRASS_RICHNESS_SPEC17","921"
"SURVEY_GRASS_RICHNESS_SPEC17","922"
"SURVEY_GRASS_RICHNESS_SPEC17","923"
"SURVEY_GRASS_RICHNESS_SPEC17","924"
"SURVEY_GRASS_RICHNESS_SPEC17","925"
"SURVEY_GRASS_RICHNESS_SPEC17","926"
"SURVEY_GRASS_RICHNESS_SPEC37","927"
"SURVEY_GRASS_RICHNESS_SPEC37","928"
"SURVEY_GRASS_RICHNESS_SPEC37","929"
"SURVEY_GRASS_RICHNESS_SPEC37","930"
"SURVEY_GRASS_RICHNESS_SPEC37","931"
"SURVEY_GRASS_RICHNESS_SPEC18","976"
"SURVEY_GRASS_RICHNESS_SPEC18","977"
"SURVEY_GRASS_RICHNESS_SPEC38","999"
"SURVEY_GRASS_RICHNESS_SPEC38","1000"
"SURVEY_GRASS_RICHNESS_SPEC38","1001"
"SURVEY_GRASS_RICHNESS_SPEC38","1002"
"SURVEY_GRASS_RICHNESS_SPEC38","1003"
"SURVEY_GRASS_RICHNESS_SPEC38","1004"
"SURVEY_GRASS_RICHNESS_SPEC38","1005"
"SURVEY_GRASS_RICHNESS_SPEC38","1006"
"SURVEY_GRASS_RICHNESS_SPEC38","1007"
"SURVEY_GRASS_RICHNESS_SPEC38","1008"
"SURVEY_GRASS_RICHNESS_SPEC38","1009"
"SURVEY_GRASS_RICHNESS_SPEC38","1010"
"SURVEY_GRASS_RICHNESS_SPEC38","1011"
"SURVEY_GRASS_RICHNESS_SPEC38","1012"
"SURVEY_GRASS_RICHNESS_SPEC38","1013"
"SURVEY_GRASS_RICHNESS_SPEC38","1014"
"SURVEY_GRASS_RICHNESS_SPEC38","1015"
"SURVEY_GRASS_RICHNESS_SPEC38","1016"
"SURVEY_GRASS_RICHNESS_SPEC38","1017"
"SURVEY_GRASS_RICHNESS_SPEC38","1018"
"SURVEY_GRASS_RICHNESS_SPEC38","1019"
"SURVEY_GRASS_RICHNESS_SPEC38","1020"
"SURVEY_GRASS_RICHNESS_SPEC38","1022"
"SURVEY_GRASS_RICHNESS_SPEC38","1023"
"SURVEY_GRASS_RICHNESS_SPEC38","1024"
"SURVEY_GRASS_RICHNESS_SPEC19","1021"
"SURVEY_GRASS_RICHNESS_SPEC19","1025"
"SURVEY_GRASS_RICHNESS_SPEC39","1028"
"SURVEY_GRASS_RICHNESS_SPEC39","1029"
"SURVEY_GRASS_RICHNESS_SPEC39","1030"
"SURVEY_GRASS_RICHNESS_SPEC39","1031"
"SURVEY_GRASS_RICHNESS_SPEC39","1032"
"SURVEY_GRASS_RICHNESS_SPEC39","1033"
"SURVEY_GRASS_RICHNESS_SPEC39","1034"
"SURVEY_GRASS_RICHNESS_SPEC39","1035"
"SURVEY_GRASS_RICHNESS_SPEC39","1036"
"SURVEY_GRASS_RICHNESS_SPEC39","1037"
"SURVEY_GRASS_RICHNESS_SPEC39","1038"
"SURVEY_GRASS_RICHNESS_SPEC39","1039"
"SURVEY_GRASS_RICHNESS_SPEC39","1040"
"SURVEY_GRASS_RICHNESS_SPEC39","391"
"SURVEY_GRASS_RICHNESS_SPEC20","1045"
"SURVEY_GRASS_RICHNESS_SPEC20","1046"
"SURVEY_GRASS_RICHNESS_SPEC20","1047"
"SURVEY_GRASS_RICHNESS_SPEC20","1048"
"SURVEY_GRASS_RICHNESS_SPEC20","1049"
"SURVEY_GRASS_RICHNESS_SPEC20","1050"
"SURVEY_GRASS_RICHNESS_SPEC20","1051"
"SURVEY_GRASS_RICHNESS_SPEC20","1052"
"SURVEY_GRASS_RICHNESS_SPEC20","1053"
"SURVEY_GRASS_RICHNESS_SPEC20","1054"
"SURVEY_GRASS_RICHNESS_SPEC20","1055"
"SURVEY_GRASS_RICHNESS_SPEC20","1056"
"SURVEY_GRASS_RICHNESS_SPEC20","1057"
"SURVEY_GRASS_RICHNESS_SPEC20","1058"
"SURVEY_GRASS_RICHNESS_SPEC20","1059"
"SURVEY_GRASS_RICHNESS_SPEC20","1060"
"SURVEY_GRASS_RICHNESS_SPEC40","1218"
"SURVEY_GRASS_RICHNESS_SPEC40","1219"
"SURVEY_GRASS_RICHNESS_SPEC40","1220"
"SURVEY_GRASS_RICHNESS_SPEC40","1221"
"SURVEY_GRASS_RICHNESS_SPEC40","1222"
"SURVEY_GRASS_RICHNESS_SPEC40","1223"
"SURVEY_GRASS_RICHNESS_SPEC40","1224"
"SURVEY_GRASS_RICHNESS_SPEC40","1225"
"SURVEY_GRASS_RICHNESS_SPEC40","1226"
"SURVEY_GRASS_RICHNESS_SPEC40","1227"
"SURVEY_GRASS_RICHNESS_SPEC40","1228"
"SURVEY_GRASS_RICHNESS_SPEC40","1229"
"SURVEY_GRASS_RICHNESS_SPEC40","1230"
"SURVEY_GRASS_RICHNESS_SPEC40","1231"
"SURVEY_GRASS_RICHNESS_SPEC29","1319"
"SURVEY_GRASS_RICHNESS_SPEC29","1320"
"SURVEY_GRASS_RICHNESS_SPEC29","1321"
"SURVEY_GRASS_RICHNESS_SPEC29","1322"
"SURVEY_GRASS_RICHNESS_SPEC1","1327"
"SURVEY_GRASS_RICHNESS_SPEC1","1328"
"SURVEY_GRASS_RICHNESS_SPEC1","1329"
"SURVEY_GRASS_RICHNESS_SPEC21","1518"
"SURVEY_GRASS_RICHNESS_SPEC21","1519"
"SURVEY_GRASS_RICHNESS_SPEC21","1520"
"SURVEY_GRASS_RICHNESS_SPEC21","1521"
"SURVEY_GRASS_RICHNESS_SPEC21","1522"
"SURVEY_GRASS_RICHNESS_SPEC21","1523"
"SURVEY_GRASS_RICHNESS_SPEC21","1524"
"SURVEY_GRASS_RICHNESS_SPEC21","1525"
"SURVEY_GRASS_RICHNESS_SPEC21","1526"
"SURVEY_GRASS_RICHNESS_SPEC21","1527"
"SURVEY_GRASS_RICHNESS_SPEC21","1528"
"SURVEY_GRASS_RICHNESS_SPEC21","1529"
"SURVEY_GRASS_RICHNESS_SPEC21","1530"
"SURVEY_GRASS_RICHNESS_SPEC21","1531"
"SURVEY_GRASS_RICHNESS_SPEC10","116"
"SURVEY_GRASS_RICHNESS_SPEC10","117"
"SURVEY_GRASS_RICHNESS_SPEC10","118"
"SURVEY_GRASS_RICHNESS_SPEC10","119"
"SURVEY_GRASS_RICHNESS_SPEC10","120"
"SURVEY_GRASS_RICHNESS_SPEC10","567"
"SURVEY_GRASS_RICHNESS_SPEC10","765"
"SURVEY_GRASS_RICHNESS_SPEC10","766"
"SURVEY_GRASS_RICHNESS_SPEC10","767"
"SURVEY_GRASS_RICHNESS_SPEC10","768"
"SURVEY_GRASS_RICHNESS_SPEC10","769"
"SURVEY_GRASS_RICHNESS_SPEC10","770"
"SURVEY_GRASS_RICHNESS_SPEC10","859"
"SURVEY_GRASS_RICHNESS_SPEC10","860"
"SURVEY_GRASS_RICHNESS_SPEC10","1081"
"SURVEY_GRASS_RICHNESS_SPEC10","1542"
"SURVEY_GRASS_RICHNESS_SPEC10","1543"
"SURVEY_GRASS_RICHNESS_SPEC10","1544"
"SURVEY_GRASS_RICHNESS_SPEC10","1602"
"SURVEY_GRASS_RICHNESS_SPEC10","1603"
"SURVEY_GRASS_RICHNESS_SPEC10","1604"
"SURVEY_GRASS_RICHNESS_SPEC10","1605"
"SURVEY_GRASS_RICHNESS_SPEC10","1606"
"SURVEY_GRASS_RICHNESS_SPEC10","1608"
"SURVEY_GRASS_RICHNESS_SPEC10","1609"
"SURVEY_GRASS_RICHNESS_SPEC10","1610"
"SURVEY_GRASS_RICHNESS_SPEC10","1758"
"SURVEY_GRASS_RICHNESS_SPEC10","1759"
"SURVEY_GRASS_RICHNESS_SPEC10","2093"
"SURVEY_GRASS_RICHNESS_SPEC10","2094"
"SURVEY_GRASS_RICHNESS_SPEC10","2095"
"SURVEY_GRASS_RICHNESS_SPEC10","2096"
"SURVEY_GRASS_RICHNESS_SPEC10","2097"
"SURVEY_GRASS_RICHNESS_SPEC2","1664"
"SURVEY_GRASS_RICHNESS_SPEC2","1665"
"SURVEY_GRASS_RICHNESS_SPEC22","1703"
"SURVEY_GRASS_RICHNESS_SPEC3","1804"
"SURVEY_GRASS_RICHNESS_SPEC3","1805"
"SURVEY_GRASS_RICHNESS_SPEC3","1806"
"SURVEY_GRASS_RICHNESS_SPEC3","1807"
"SURVEY_GRASS_RICHNESS_SPEC3","1808"
"SURVEY_GRASS_RICHNESS_SPEC3","1809"
"SURVEY_GRASS_RICHNESS_SPEC3","1810"
"SURVEY_GRASS_RICHNESS_SPEC3","1811"
"SURVEY_GRASS_RICHNESS_SPEC3","1812"
"SURVEY_GRASS_RICHNESS_SPEC3","1813"
"SURVEY_GRASS_RICHNESS_SPEC3","1814"
"SURVEY_GRASS_RICHNESS_SPEC3","1815"
"SURVEY_GRASS_RICHNESS_SPEC3","1816"
"SURVEY_GRASS_RICHNESS_SPEC3","1817"
"SURVEY_GRASS_RICHNESS_SPEC23","1916"
"SURVEY_GRASS_RICHNESS_SPEC23","1917"
"SURVEY_GRASS_RICHNESS_SPEC23","1918"
"SURVEY_GRASS_RICHNESS_SPEC23","1919"
"SURVEY_GRASS_RICHNESS_SPEC23","1920"
"SURVEY_GRASS_RICHNESS_SPEC23","1921"
"SURVEY_GRASS_RICHNESS_SPEC4","1998"
"SURVEY_GRASS_RICHNESS_SPEC4","1999"
"SURVEY_GRASS_RICHNESS_SPEC4","2000"
"SURVEY_GRASS_RICHNESS_SPEC4","2001"
"SURVEY_GRASS_RICHNESS_SPEC4","2002"
"SURVEY_GRASS_RICHNESS_SPEC4","2003"
"SURVEY_GRASS_RICHNESS_SPEC4","2004"
"SURVEY_GRASS_RICHNESS_SPEC4","2005"
"SURVEY_GRASS_RICHNESS_SPEC4","2006"
"SURVEY_GRASS_RICHNESS_SPEC4","2007"
"SURVEY_GRASS_RICHNESS_SPEC4","2008"
"SURVEY_GRASS_RICHNESS_SPEC4","2009"
"SURVEY_GRASS_RICHNESS_SPEC24","2013"
"SURVEY_GRASS_RICHNESS_SPEC24","2014"
"SURVEY_GRASS_RICHNESS_SPEC24","2015"
"SURVEY_GRASS_RICHNESS_SPEC24","2016"
"SURVEY_GRASS_RICHNESS_SPEC24","2017"
"SURVEY_GRASS_RICHNESS_SPEC24","2018"
"SURVEY_GRASS_RICHNESS_SPEC30","2030"
"SURVEY_GRASS_RICHNESS_SPEC30","2031"
"SURVEY_GRASS_RICHNESS_SPEC30","2032"
"SURVEY_GRASS_RICHNESS_SPEC30","2033"
"SURVEY_GRASS_RICHNESS_SPEC30","2034"
"SURVEY_GRASS_RICHNESS_SPEC30","1242"
"SURVEY_GRASS_RICHNESS_SPEC30","1243"
"SURVEY_GRASS_RICHNESS_SPEC30","1244"
"SURVEY_GRASS_RICHNESS_SPEC30","1245"
"SURVEY_GRASS_RICHNESS_SPEC30","1246"
"SURVEY_GRASS_RICHNESS_SPEC30","1247"
"SURVEY_GRASS_RICHNESS_SPEC30","1248"
"SURVEY_GRASS_RICHNESS_SPEC30","1249"
"SURVEY_GRASS_RICHNESS_SPEC30","2216"
"SURVEY_GRASS_RICHNESS_SPEC11","2115"
"SURVEY_GRASS_RICHNESS_SPEC11","2116"
"SURVEY_GRASS_RICHNESS_SPEC11","2117"
"SURVEY_GRASS_RICHNESS_SPEC11","2118"
"SURVEY_GRASS_RICHNESS_SPEC11","2119"
"SURVEY_GRASS_RICHNESS_SPEC11","2120"
"SURVEY_GRASS_RICHNESS_SPEC11","2121"
"SURVEY_GRASS_RICHNESS_SPEC11","2122"
"SURVEY_GRASS_RICHNESS_SPEC11","2123"
"SURVEY_GRASS_RICHNESS_SPEC11","2124"
"SURVEY_GRASS_RICHNESS_SPEC11","2125"
"SURVEY_GRASS_RICHNESS_SPEC11","2126"
"SURVEY_GRASS_RICHNESS_SPEC11","2127"
"SURVEY_GRASS_RICHNESS_SPEC11","2128"
"SURVEY_GRASS_RICHNESS_SPEC11","2129"
"SURVEY_GRASS_RICHNESS_SPEC11","2130"
"SURVEY_GRASS_RICHNESS_SPEC11","2131"
"SURVEY_GRASS_RICHNESS_SPEC11","2132"
"SURVEY_GRASS_RICHNESS_SPEC11","2133"
"SURVEY_GRASS_RICHNESS_SPEC11","2134"
"SURVEY_GRASS_RICHNESS_SPEC11","2135"
"SURVEY_GRASS_RICHNESS_SPEC11","2136"
"SURVEY_GRASS_RICHNESS_SPEC11","2137"
"SURVEY_GRASS_RICHNESS_SPEC11","2138"
"SURVEY_GRASS_RICHNESS_SPEC11","2139"
"SURVEY_GRASS_RICHNESS_SPEC11","2140"
"SURVEY_GRASS_RICHNESS_SPEC11","2141"
"SURVEY_GRASS_RICHNESS_SPEC11","2142"
"SURVEY_GRASS_RICHNESS_SPEC11","2143"
"SURVEY_GRASS_RICHNESS_SPEC11","783"
"SURVEY_GRASS_RICHNESS_SPEC11","784"
"SURVEY_GRASS_RICHNESS_SPEC11","785"
"SURVEY_GRASS_RICHNESS_SPEC11","786"
"SURVEY_GRASS_RICHNESS_SPEC11","787"
"SURVEY_GRASS_RICHNESS_SPEC11","788"
"SURVEY_GRASS_RICHNESS_SPEC11","789"
"SURVEY_GRASS_RICHNESS_SPEC11","790"
"SURVEY_GRASS_RICHNESS_SPEC11","791"
"SURVEY_GRASS_RICHNESS_SPEC11","792"
"SURVEY_GRASS_RICHNESS_SPEC11","793"
"SURVEY_GRASS_RICHNESS_SPEC5","2253"
"SURVEY_GRASS_RICHNESS_SPEC5","2254"
"SURVEY_GRASS_RICHNESS_SPEC5","2255"
"SURVEY_GRASS_RICHNESS_SPEC25","2268"
"SURVEY_GRASS_RICHNESS_SPEC25","2269"
"SURVEY_GRASS_RICHNESS_SPEC25","2270"
"SURVEY_GRASS_RICHNESS_SPEC25","2271"
"SURVEY_GRASS_RICHNESS_SPEC25","2272"
"SURVEY_GRASS_RICHNESS_SPEC25","2273"
"SURVEY_GRASS_RICHNESS_SPEC25","2274"
"SURVEY_GRASS_RICHNESS_SPEC25","2275"
"SURVEY_GRASS_RICHNESS_SPEC25","2276"
"SURVEY_GRASS_RICHNESS_SPEC25","2277"
"SURVEY_GRASS_RICHNESS_SPEC25","2278"
"SURVEY_GRASS_RICHNESS_SPEC25","2279"
"SURVEY_GRASS_RICHNESS_SPEC25","2280"
"SURVEY_GRASS_RICHNESS_SPEC25","2281"
"SURVEY_GRASS_RICHNESS_SPEC25","2282"
"SURVEY_GRASS_RICHNESS_SPEC25","2283"
"SURVEY_GRASS_RICHNESS_SPEC25","2284"
"SURVEY_GRASS_RICHNESS_SPEC25","2285"
"SURVEY_GRASS_RICHNESS_SPEC25","2286"
"SURVEY_GRASS_RICHNESS_SPEC25","2287"
"SURVEY_GRASS_RICHNESS_SPEC25","2288"
"SURVEY_GRASS_RICHNESS_SPEC25","2289"
"SURVEY_GRASS_RICHNESS_SPEC25","2290"
"SURVEY_GRASS_RICHNESS_SPEC25","2291"
"SURVEY_GRASS_RICHNESS_SPEC25","2292"
"SURVEY_GRASS_RICHNESS_SPEC25","2293"
"SURVEY_GRASS_RICHNESS_SPEC6","2308"
"SURVEY_GRASS_RICHNESS_SPEC6","2309"
"SURVEY_GRASS_RICHNESS_SPEC6","2310"
"SURVEY_GRASS_RICHNESS_SPEC6","2311"
"SURVEY_GRASS_RICHNESS_SPEC6","2312"
"SURVEY_GRASS_RICHNESS_SPEC6","2313"
"SURVEY_GRASS_RICHNESS_SPEC6","2314"
"SURVEY_GRASS_RICHNESS_SPEC6","2055"
"SURVEY_GRASS_RICHNESS_SPEC6","2056"
"SURVEY_GRASS_RICHNESS_SPEC6","2057"
"SURVEY_GRASS_RICHNESS_SPEC6","2058"
"SURVEY_GRASS_RICHNESS_SPEC6","2059"
"SURVEY_GRASS_RICHNESS_SPEC6","2060"
"SURVEY_GRASS_RICHNESS_SPEC31","2327"
"SURVEY_GRASS_RICHNESS_SPEC31","2329"
"SURVEY_GRASS_RICHNESS_SPEC31","2330"
"SURVEY_GRASS_RICHNESS_SPEC31","2335"
"SURVEY_GRASS_RICHNESS_SPEC31","2337"
"SURVEY_GRASS_RICHNESS_SPEC31","2347"
"SURVEY_GRASS_RICHNESS_SPEC31","2348"
"SURVEY_GRASS_RICHNESS_SPEC31","2359"
"SURVEY_GRASS_RICHNESS_SPEC31","2361"
"SURVEY_GRASS_RICHNESS_SPEC31","2363"
"SURVEY_GRASS_RICHNESS_SPEC31","2367"
"SURVEY_GRASS_RICHNESS_SPEC31","2368"
"SURVEY_GRASS_RICHNESS_SPEC31","2369"
"SURVEY_GRASS_RICHNESS_SPEC12","2316"
"SURVEY_GRASS_RICHNESS_SPEC12","2317"
"SURVEY_GRASS_RICHNESS_SPEC12","2318"
"SURVEY_GRASS_RICHNESS_SPEC12","2319"
"SURVEY_GRASS_RICHNESS_SPEC12","2320"
"SURVEY_GRASS_RICHNESS_SPEC12","2321"
"SURVEY_GRASS_RICHNESS_SPEC12","2322"
"SURVEY_GRASS_RICHNESS_SPEC12","2323"
"SURVEY_GRASS_RICHNESS_SPEC12","2324"
"SURVEY_GRASS_RICHNESS_SPEC12","2325"
"SURVEY_GRASS_RICHNESS_SPEC12","2326"
"SURVEY_GRASS_RICHNESS_SPEC12","2328"
"SURVEY_GRASS_RICHNESS_SPEC12","2331"
"SURVEY_GRASS_RICHNESS_SPEC12","2332"
"SURVEY_GRASS_RICHNESS_SPEC12","2333"
"SURVEY_GRASS_RICHNESS_SPEC12","2334"
"SURVEY_GRASS_RICHNESS_SPEC12","2336"
"SURVEY_GRASS_RICHNESS_SPEC12","2338"
"SURVEY_GRASS_RICHNESS_SPEC12","2339"
"SURVEY_GRASS_RICHNESS_SPEC12","2340"
"SURVEY_GRASS_RICHNESS_SPEC12","2341"
"SURVEY_GRASS_RICHNESS_SPEC12","2342"
"SURVEY_GRASS_RICHNESS_SPEC12","2343"
"SURVEY_GRASS_RICHNESS_SPEC12","2344"
"SURVEY_GRASS_RICHNESS_SPEC12","2345"
"SURVEY_GRASS_RICHNESS_SPEC12","2346"
"SURVEY_GRASS_RICHNESS_SPEC12","2349"
"SURVEY_GRASS_RICHNESS_SPEC12","2350"
"SURVEY_GRASS_RICHNESS_SPEC12","2351"
"SURVEY_GRASS_RICHNESS_SPEC12","2352"
"SURVEY_GRASS_RICHNESS_SPEC12","2353"
"SURVEY_GRASS_RICHNESS_SPEC12","2354"
"SURVEY_GRASS_RICHNESS_SPEC12","2355"
"SURVEY_GRASS_RICHNESS_SPEC12","2356"
"SURVEY_GRASS_RICHNESS_SPEC12","2357"
"SURVEY_GRASS_RICHNESS_SPEC12","2358"
"SURVEY_GRASS_RICHNESS_SPEC12","2360"
"SURVEY_GRASS_RICHNESS_SPEC12","2362"
"SURVEY_GRASS_RICHNESS_SPEC12","2364"
"SURVEY_GRASS_RICHNESS_SPEC12","2365"
"SURVEY_GRASS_RICHNESS_SPEC12","2366"
"SURVEY_GRASS_RICHNESS_SPEC12","1435"
"SURVEY_GRASS_RICHNESS_SPEC12","1436"
"SURVEY_GRASS_RICHNESS_SPEC12","1437"
"SURVEY_GRASS_RICHNESS_SPEC12","1438"
"SURVEY_GRASS_RICHNESS_SPEC12","1439"
"SURVEY_GRASS_RICHNESS_SPEC12","1440"
"SURVEY_GRASS_RICHNESS_SPEC12","1441"
"SURVEY_GRASS_RICHNESS_SPEC12","1442"
"SURVEY_GRASS_RICHNESS_SPEC12","1443"
"SURVEY_GRASS_RICHNESS_SPEC12","1444"
"SURVEY_GRASS_RICHNESS_SPEC12","1445"
"SURVEY_GRASS_RICHNESS_SPEC12","1446"
"SURVEY_GRASS_RICHNESS_SPEC12","1447"
"SURVEY_GRASS_RICHNESS_SPEC12","1448"
"SURVEY_GRASS_RICHNESS_SPEC12","1449"
"SURVEY_GRASS_RICHNESS_SPEC12","1450"
"SURVEY_GRASS_RICHNESS_SPEC12","1451"
"SURVEY_GRASS_RICHNESS_SPEC12","1452"
"SURVEY_GRASS_RICHNESS_SPEC12","1453"
"SURVEY_GRASS_RICHNESS_SPEC12","1454"
"SURVEY_GRASS_RICHNESS_SPEC12","1455"
"SURVEY_GRASS_RICHNESS_SPEC12","1456"
"SURVEY_GRASS_RICHNESS_SPEC12","1457"
"SURVEY_GRASS_RICHNESS_SPEC12","1376"
"SURVEY_GRASS_RICHNESS_SPEC12","1377"
"SURVEY_GRASS_RICHNESS_SPEC12","1378"
"SURVEY_GRASS_RICHNESS_SPEC12","1379"
"SURVEY_GRASS_RICHNESS_SPEC12","1380"
"SURVEY_GRASS_RICHNESS_SPEC12","1381"
"SURVEY_GRASS_RICHNESS_SPEC12","1382"
"SURVEY_GRASS_RICHNESS_SPEC12","1383"
"SURVEY_GRASS_RICHNESS_SPEC12","1384"
"SURVEY_GRASS_RICHNESS_SPEC12","1385"
"SURVEY_GRASS_RICHNESS_SPEC12","1386"
"SURVEY_GRASS_RICHNESS_SPEC12","1387"
"SURVEY_GRASS_RICHNESS_SPEC12","1388"
"SURVEY_GRASS_RICHNESS_SPEC12","1389"
"SURVEY_GRASS_RICHNESS_SPEC12","1390"
"SURVEY_GRASS_RICHNESS_SPEC12","1391"
"SURVEY_GRASS_RICHNESS_SPEC12","670"
"SURVEY_GRASS_RICHNESS_SPEC12","671"
"SURVEY_GRASS_RICHNESS_SPEC12","672"
"SURVEY_GRASS_RICHNESS_SPEC12","673"
"SURVEY_GRASS_RICHNESS_SPEC12","674"
"SURVEY_GRASS_RICHNESS_SPEC12","675"
"SURVEY_GRASS_RICHNESS_SPEC12","677"
"SURVEY_GRASS_RICHNESS_SPEC26","2407"
"SURVEY_GRASS_RICHNESS_SPEC26","2408"
"SURVEY_GRASS_RICHNESS_SPEC7","2460"
"SURVEY_GRASS_RICHNESS_SPEC7","2461"
"SURVEY_GRASS_RICHNESS_SPEC7","2462"
"SURVEY_GRASS_RICHNESS_SPEC7","2463"
"SURVEY_GRASS_RICHNESS_SPEC7","2464"
"SURVEY_GRASS_RICHNESS_SPEC7","2465"
"SURVEY_GRASS_RICHNESS_SPEC7","2466"
"SURVEY_GRASS_RICHNESS_SPEC7","2467"
"SURVEY_GRASS_RICHNESS_SPEC7","2468"
"SURVEY_GRASS_RICHNESS_SPEC7","2469"
"SURVEY_GRASS_RICHNESS_SPEC7","2470"
"SURVEY_GRASS_RICHNESS_SPEC7","2471"
"SURVEY_GRASS_RICHNESS_SPEC7","2472"
"SURVEY_GRASS_RICHNESS_SPEC7","2473"
"SURVEY_GRASS_RICHNESS_SPEC7","2474"
"SURVEY_GRASS_RICHNESS_SPEC7","2475"
"SURVEY_GRASS_RICHNESS_SPEC7","2476"
"SURVEY_GRASS_RICHNESS_SPEC7","2477"
"SURVEY_GRASS_RICHNESS_SPEC7","2478"
"SURVEY_GRASS_RICHNESS_SPEC7","2479"
"SURVEY_GRASS_RICHNESS_SPEC7","2480"
"SURVEY_GRASS_RICHNESS_SPEC7","2481"
"SURVEY_GRASS_RICHNESS_SPEC7","2482"
"SURVEY_GRASS_RICHNESS_SPEC7","2483"
"SURVEY_GRASS_RICHNESS_SPEC7","2484"
"SURVEY_GRASS_RICHNESS_SPEC7","2485"
"SURVEY_GRASS_RICHNESS_SPEC7","2486"
"SURVEY_GRASS_RICHNESS_SPEC7","2487"
"SURVEY_GRASS_RICHNESS_SPEC7","1275"
"SURVEY_GRASS_RICHNESS_SPEC7","1276"
"SURVEY_GRASS_RICHNESS_SPEC7","1277"
"SURVEY_GRASS_RICHNESS_SPEC7","1278"
"SURVEY_GRASS_RICHNESS_SPEC7","1279"
"SURVEY_GRASS_RICHNESS_SPEC7","1280"
"SURVEY_GRASS_RICHNESS_SPEC7","1281"
"SURVEY_GRASS_RICHNESS_SPEC7","1282"
"SURVEY_GRASS_RICHNESS_SPEC7","1283"
"SURVEY_GRASS_RICHNESS_SPEC7","1284"
"SURVEY_GRASS_RICHNESS_SPEC7","1285"
"SURVEY_GRASS_RICHNESS_SPEC7","1286"
"SURVEY_GRASS_RICHNESS_SPEC7","1287"
"SURVEY_GRASS_RICHNESS_SPEC7","1288"
"SURVEY_GRASS_RICHNESS_SPEC7","1289"
"SURVEY_GRASS_RICHNESS_SPEC7","1290"
"SURVEY_GRASS_RICHNESS_SPEC7","1291"
"SURVEY_GRASS_RICHNESS_SPEC7","250"
"SURVEY_GRASS_RICHNESS_SPEC7","252"
"SURVEY_GRASS_RICHNESS_SPEC7","253"
"SURVEY_GRASS_RICHNESS_SPEC7","254"
"SURVEY_GRASS_RICHNESS_SPEC7","256"
"SURVEY_GRASS_RICHNESS_SPEC7","257"
"SURVEY_GRASS_RICHNESS_SPEC7","258"
"SURVEY_GRASS_RICHNESS_SPEC7","259"
"SURVEY_GRASS_RICHNESS_SPEC7","260"
"SURVEY_GRASS_RICHNESS_SPEC7","262"
